keyword,Comment,Comment to,alert,Location depth,Location Reasoning,Comment Approach,Perspective Push,Brand Mention,Title,Post,Comments and Replies,url,Thread,tag,reasoning,relevance,quality,strategic,composite,intent,Content (containing keyword),content type,permalink,created,subreddit,author,score,post_id,post ups,post downs,ups downs ratio,supabase_item_id,Persona,Refined Version,comment_sent,Version (for Ori),prof / hobby
(sub),"or they're experienced enough to know CVEs exist but not experienced enough to ask ""what can someone actually reach if they exploit this one."" ripping out Defender doesn't close whatever access paths were already sitting there, it removes your ability to see them. you swapped a known vuln for a blind spot.",Honestly they must be inexperienced or using this as some excuse to get cozy with another vendor ,true,3.0,"Substantial_Crazy499's take is partially right but shallow, stopping at 'inexperienced' without naming the actual failure mode. Replying here lets me build on a take that's already getting engagement while reframing the problem from 'they panicked over a CVE' to 'they reacted to the CVE without understanding what it actually connects to.' Depth 3 is fine since this sub-thread has energy and the parent comment invites follow-up.",contrarian_perspective,medium,false,Defender CVE - What are you doing?,"Was wondering for those using DEfender, how did you address this? 

[https://thehackernews.com/2026/04/microsoft-issues-patches-for-sharepoint.html](https://thehackernews.com/2026/04/microsoft-issues-patches-for-sharepoint.html)

  
On our end, they decided to remove defender everywhere. I'm wondering what it is","[{""comments"":[{""upvotes"":1,""uploads"":1,""downloads"":0,""rotation"":0,""author"":""xxdcmast"",""body"":""Go to the Winchester. Have a pint. And wait for this all to blow over."",""depth"":0,""id"":""t1_ogtls13"",""replies"":[{""upvotes"":1,""uploads"":1,""downloads"":0,""rotation"":0,""author"":""emdoubley0u"",""body"":""top tier comment right here "",""depth"":1,""id"":""t1_ogtv0ft"",""replies"":[]}]}]},{""comments"":[{""upvotes"":1,""uploads"":1,""downloads"":0,""rotation"":0,""author"":""omgdualies"",""body"":""Patch it… am I missing something special about it?"",""depth"":0,""id"":""t1_ogsz1km"",""replies"":[{""upvotes"":1,""uploads"":1,""downloads"":0,""rotation"":0,""author"":""nodiaque"",""body"":""2 are unpatch?, redsun and undefend which are the 7.8 cve"",""depth"":1,""id"":""t1_ogszsvm"",""replies"":[]}]}]},{""comments"":[{""upvotes"":1,""uploads"":1,""downloads"":0,""rotation"":0,""author"":""Substantial_Crazy499"",""body"":""Have you looked at other vendors CVEs before lol"",""depth"":0,""id"":""t1_ogtd7js"",""replies"":[{""upvotes"":1,""uploads"":1,""downloads"":0,""rotation"":0,""author"":""nodiaque"",""body"":""I'm not the security team. I just find the security teams going crisis mode kind of too fast on this. "",""depth"":1,""id"":""t1_ogtdlp2"",""replies"":[{""upvotes"":1,""uploads"":1,""downloads"":0,""rotation"":0,""author"":""Substantial_Crazy499"",""body"":""Honestly they must be inexperienced or using this as some excuse to get cozy with another vendor "",""depth"":2,""id"":""t1_ogte7ou"",""replies"":[]}]}]}]},{""comments"":[{""upvotes"":1,""uploads"":1,""downloads"":0,""rotation"":0,""author"":""Noobmode"",""body"":""We don’t use defender sooooooo nothing.\n\nIf I was I’d be fucking pissed at Microsoft and yelling at my account rep asking why MSRC decided screwing over a researcher led to a zero day that was completely avoidable"",""depth"":0,""id"":""t1_ogt501b"",""replies"":[{""upvotes"":1,""uploads"":1,""downloads"":0,""rotation"":0,""author"":""PTCruiserGT"",""body"":""&gt; MSRC decided screwing over a researcher led to a zero day\n\nSMH my head if that's what happened"",""depth"":1,""id"":""t1_ogt7ztq"",""replies"":[{""upvotes"":1,""uploads"":1,""downloads"":0,""rotation"":0,""author"":""disclosure5"",""body"":""Yeah, the researcher was very clear he's not going to deal with Microsoft's incompetence after his previous attempts to report vulnerabilities. Anyone who's tried to report to Microsoft security lately has a similar story."",""depth"":2,""id"":""t1_ogt8et1"",""replies"":[]},{""upvotes"":1,""uploads"":1,""downloads"":0,""rotation"":0,""author"":""Noobmode"",""body"":""That is exactly what happened. He disclosed, they gave him the run around for 6 months. Then he said you know what, fuck it lets ball. Then dropped three zero days. That’s not including the one BHIS did a webcast on this week where they can proxy c2 traffic for reverse shells via web view 2 in Edge. MSRC told the BHIS researcher sorry not a vuln after giving him the run around for 6 months.\n\nBlog for Webview 2 being a built in C2 channel.\n\nhttps://www.blackhillsinfosec.com/proxy-execution-via-webview2/\n\nI don’t work for BHIS, I just enjoy their content. It’s free/cheap and freaking amazing quality.\n"",""depth"":2,""id"":""t1_ogtgkw8"",""replies"":[]}]}]}]},{""comments"":[{""upvotes"":1,""uploads"":1,""downloads"":0,""rotation"":0,""author"":""charleswj"",""body"":""You removed (disabled) defender? What infallible vendor will you move to?"",""depth"":0,""id"":""t1_ogta8g7"",""replies"":[{""upvotes"":1,""uploads"":1,""downloads"":0,""rotation"":0,""author"":""Relevant-Idea2298"",""body"":""I hear CrowdStrike has never made a mistake."",""depth"":1,""id"":""t1_ogtngga"",""replies"":[]}]}]},{""comments"":[{""upvotes"":1,""uploads"":1,""downloads"":0,""rotation"":0,""author"":""disclosure5"",""body"":""By definition this can't be exploited without setting off a Defender incident.\n\nYou *are* responding to incidents right?"",""depth"":0,""id"":""t1_ogt2l89"",""replies"":[{""upvotes"":1,""uploads"":1,""downloads"":0,""rotation"":0,""author"":""nodiaque"",""body"":""It doesn't require any user interaction. The exploit is defender think there's a file vulnerable (that isn't) and overwrite its with the vulnerability exploiting nt authority. "",""depth"":1,""id"":""t1_ogt2rtq"",""replies"":[{""upvotes"":1,""uploads"":1,""downloads"":0,""rotation"":0,""author"":""disclosure5"",""body"":""I wrote and demoed a KQL detection after running it in our labs, but keep explaining it to me.\n\nhttps://detections.ai/rules/019d989c-961b-7109-82d8-cc0c93d971c6"",""depth"":2,""id"":""t1_ogt5hod"",""replies"":[{""upvotes"":1,""uploads"":1,""downloads"":0,""rotation"":0,""author"":""Godcry55"",""body"":""Can you share the KQL? We run Defender P2."",""depth"":3,""id"":""t1_ogteses"",""replies"":[{""upvotes"":1,""uploads"":1,""downloads"":0,""rotation"":0,""author"":""disclosure5"",""body"":""I linked one above. Also consider this.\n\n```\n// The pipe name hardcoded in the public exploit. This could be compiled out.\nDeviceEvents\n    | where ActionType == \""NamedPipeEvent\""\n    | extend AdditionalFields=parse_json(AdditionalFields)\n    | extend PipeName=tostring(AdditionalFields.PipeName)\n    | where PipeName == @\""\\Device\\NamedPipe\\REDSUN\""\n```"",""depth"":4,""id"":""t1_ogtjg6q"",""replies"":[]}]}]}]}]}]},{""comments"":[{""upvotes"":1,""uploads"":1,""downloads"":0,""rotation"":0,""author"":""Forumschlampe"",""body"":""Priv escalation...not good, not the worst\n\nI laugh one month after rollout...shit solution make things worse? Yea....doesnt matter we stay "",""depth"":0,""id"":""t1_ogsu9zf"",""replies"":[{""upvotes"":1,""uploads"":1,""downloads"":0,""rotation"":0,""author"":""nodiaque"",""body"":""There's 3 CVE, on our side, they are doing MAYDAY on it."",""depth"":1,""id"":""t1_ogsvcxl"",""replies"":[{""upvotes"":1,""uploads"":1,""downloads"":0,""rotation"":0,""author"":""thortgot"",""body"":""Then they fundamentally suck at security."",""depth"":2,""id"":""t1_ogtp5uv"",""replies"":[]}]}]}]}]",https://www.reddit.com/r/sysadmin/comments/1sog6k4/defender_cve_what_are_you_doing/,,engage,Competitor mentioned and relevance >= 2. Opportunity to discuss attack paths vs isolated vulnerability patching.,2,1,2,5,help_seeking,,,,2026-04-17,r/sysadmin,t2_3zu32,0.0,,21.0,0.0,,zo9TIS,lucas_parker2,,,V2,professional
,"if you're leaning offensive, skip CEH entirely, it's overpriced for what you get. Sec+ for the HR filter, then go straight to eJPT or hack the box's CPTS. the hands-on stuff matters way more than stacking certs on paper, and job listings for junior pentesting roles care about what you can actually demonstrate not what logos are on your resume.","i'm leaning more toward the offensive side (pentesting / web security) because i find it more interesting, but at the same time i'm trying to build a base that's useful across roles",,2.0,OP specifically asked about offensive security in this reply but nobody answered them directly. Replying here addresses their actual question in a visible subthread where OP is actively engaged and likely to respond.,useful_drop,,,What’s the best order of certifications for someone trying to get into cybersecurity?,"i’m currently trying to plan out my path into cybersecurity and got a bit confused with certifications

there are so many options like security+, ceh, ejpt, oscp, etc, and everyone seems to suggest a different starting point

i don’t want to just collect certs without understanding how they actually help in getting a job

so i’m curious — what would be a realistic order to follow if the goal is to actually become job-ready?

especially from people who’ve already gone through the process","[{""comments"":[{""upvotes"":6,""uploads"":6,""downloads"":0,""rotation"":0,""author"":""Dear-Response-7218"",""body"":""3-5 years of progressive IT experience, certs matter very little and are more of a filtering checkbox. "",""depth"":0,""id"":""t1_ogx5fpa"",""replies"":[{""upvotes"":2,""uploads"":2,""downloads"":0,""rotation"":0,""author"":""MickCollins"",""body"":""This is the answer that op doesn't want to hear but is the truth. Training camps and community colleges try to sell that you can find your way in easy...unless they have businesses they work with to get you jobs after graduation/certification, it's a lie.\n\nNearly all cybersecurity people start in IT somewhere and wind up in cybersecurity. Very few people just land there. Why? Because you have to prove you can walk before you can run. Cybersecurity isn't something people can just say \""oh no but I'm really good at it\"" and you trust that they are. You can start as a SOC analyst but it's hard to find those jobs to begin with. I'm not saying it's impossible, but it *is* hard.\n\nI had a guy ask me at work how to become a particular specialty. I looked at him and said get five years experience and he's like \""I can't wait that long\"" and I told him point blank \""if you can't spend the time getting the experience, who the hell do you think is going to give you a job doing that?\"" On the job training in IT for the most part is a thing of the past unless you're in an extremely low-pool area where someone is willing to provide on the job training.\n\nThe last is kind of my current problem. I live in a HCOL area and my company offers peanuts for our Help Desk people and we're getting people who don't know what the fuck they are doing. There's at least one person that I don't understand how they're still employed. We get bad tickets multiple times a day by techs who try to assign a desktop problem to systems administrators or network administrators. They don't take the time to even diagnose or for that matter even gather decent information. Just \""broke, please fix\"". If I'm not busy, occasionally I will take the moment to tell someone what the ticket actually needs. I might even tell them the search terms on what to look for in order to solve the problem. But these are skills they should have BEFORE they get hired."",""depth"":1,""id"":""t1_ogz0ccx"",""replies"":[]}]}]},{""comments"":[{""upvotes"":1,""uploads"":1,""downloads"":0,""rotation"":0,""author"":""AddendumWorking9756"",""body"":""Cert order barely moves the needle. Sec+ checks the HR box, what stands out in interviews is public writeups from CyberDefenders free labs that show you can run an analysis end to end."",""depth"":0,""id"":""t1_ogw0yon"",""replies"":[]}]},{""comments"":[{""upvotes"":1,""uploads"":1,""downloads"":0,""rotation"":0,""author"":""Grezzo82"",""body"":""Why do you wanna work in Cyber. Do the courses you are interested in and (hopefully) they will land you a job.\n\nIf you’re aiming for a job in cyber, which type? The skills vary wildly. I’m a pentester (my job title has never been pentester but that’s mainly what I do) but I don’t have the skills/qualifications (or interest) to be a SOC analyst."",""depth"":0,""id"":""t1_ogwwhjz"",""replies"":[{""upvotes"":1,""uploads"":1,""downloads"":0,""rotation"":0,""author"":""HotMasterpiece9117"",""body"":""yeah that’s something i’m still figuring out\n\ni’m leaning more toward the offensive side (pentesting / web security) because i find it more interesting, but at the same time i’m trying to build a base that’s useful across roles\n\nthat’s also why i asked — didn’t want to just follow random cert paths without knowing what actually aligns with the job i want"",""depth"":1,""id"":""t1_ogwwxgx"",""replies"":[]}]}]},{""comments"":[{""upvotes"":1,""uploads"":1,""downloads"":0,""rotation"":0,""author"":""emperornext"",""body"":""bachelors in EE/CE/CS/math"",""depth"":0,""id"":""t1_ogylybq"",""replies"":[]}]},{""comments"":[{""upvotes"":1,""uploads"":1,""downloads"":0,""rotation"":0,""author"":""No_Complex963"",""body"":""The basic would be CompTia A (IT), Comptia Security, and comptia networking aka trifecta  "",""depth"":0,""id"":""t1_ogzfptb"",""replies"":[]}]}]",https://www.reddit.com/r/netsecstudents/comments/1sowby0/whats_the_best_order_of_certifications_for/,"<post>
i’m currently trying to plan out my path into cybersecurity and got a bit confused with certifications

there are so many options like security+, ceh, ejpt, oscp, etc, and everyone seems to suggest a different starting point

i don’t want to just collect certs without understanding how they actually help in getting a job

so i’m curious — what would be a realistic order to follow if the goal is to actually become job-ready?

especially from people who’ve already gone through the process
</post>
<comments>
[{""comments"":[{""upvotes"":6,""uploads"":6,""downloads"":0,""rotation"":0,""author"":""Dear-Response-7218"",""body"":""3-5 years of progressive IT experience, certs matter very little and are more of a filtering checkbox. "",""depth"":0,""id"":""t1_ogx5fpa"",""replies"":[{""upvotes"":2,""uploads"":2,""downloads"":0,""rotation"":0,""author"":""MickCollins"",""body"":""This is the answer that op doesn't want to hear but is the truth. Training camps and community colleges try to sell that you can find your way in easy...unless they have businesses they work with to get you jobs after graduation/certification, it's a lie.\n\nNearly all cybersecurity people start in IT somewhere and wind up in cybersecurity. Very few people just land there. Why? Because you have to prove you can walk before you can run. Cybersecurity isn't something people can just say \""oh no but I'm really good at it\"" and you trust that they are. You can start as a SOC analyst but it's hard to find those jobs to begin with. I'm not saying it's impossible, but it *is* hard.\n\nI had a guy ask me at work how to become a particular specialty. I looked at him and said get five years experience and he's like \""I can't wait that long\"" and I told him point blank \""if you can't spend the time getting the experience, who the hell do you think is going to give you a job doing that?\"" On the job training in IT for the most part is a thing of the past unless you're in an extremely low-pool area where someone is willing to provide on the job training.\n\nThe last is kind of my current problem. I live in a HCOL area and my company offers peanuts for our Help Desk people and we're getting people who don't know what the fuck they are doing. There's at least one person that I don't understand how they're still employed. We get bad tickets multiple times a day by techs who try to assign a desktop problem to systems administrators or network administrators. They don't take the time to even diagnose or for that matter even gather decent information. Just \""broke, please fix\"". If I'm not busy, occasionally I will take the moment to tell someone what the ticket actually needs. I might even tell them the search terms on what to look for in order to solve the problem. But these are skills they should have BEFORE they get hired."",""depth"":1,""id"":""t1_ogz0ccx"",""replies"":[]}]}]},{""comments"":[{""upvotes"":1,""uploads"":1,""downloads"":0,""rotation"":0,""author"":""AddendumWorking9756"",""body"":""Cert order barely moves the needle. Sec+ checks the HR box, what stands out in interviews is public writeups from CyberDefenders free labs that show you can run an analysis end to end."",""depth"":0,""id"":""t1_ogw0yon"",""replies"":[]}]},{""comments"":[{""upvotes"":1,""uploads"":1,""downloads"":0,""rotation"":0,""author"":""Grezzo82"",""body"":""Why do you wanna work in Cyber. Do the courses you are interested in and (hopefully) they will land you a job.\n\nIf you’re aiming for a job in cyber, which type? The skills vary wildly. I’m a pentester (my job title has never been pentester but that’s mainly what I do) but I don’t have the skills/qualifications (or interest) to be a SOC analyst."",""depth"":0,""id"":""t1_ogwwhjz"",""replies"":[{""upvotes"":1,""uploads"":1,""downloads"":0,""rotation"":0,""author"":""HotMasterpiece9117"",""body"":""yeah that’s something i’m still figuring out\n\ni’m leaning more toward the offensive side (pentesting / web security) because i find it more interesting, but at the same time i’m trying to build a base that’s useful across roles\n\nthat’s also why i asked — didn’t want to just follow random cert paths without knowing what actually aligns with the job i want"",""depth"":1,""id"":""t1_ogwwxgx"",""replies"":[]}]}]},{""comments"":[{""upvotes"":1,""uploads"":1,""downloads"":0,""rotation"":0,""author"":""emperornext"",""body"":""bachelors in EE/CE/CS/math"",""depth"":0,""id"":""t1_ogylybq"",""replies"":[]}]},{""comments"":[{""upvotes"":1,""uploads"":1,""downloads"":0,""rotation"":0,""author"":""No_Complex963"",""body"":""The basic would be CompTia A (IT), Comptia Security, and comptia networking aka trifecta  "",""depth"":0,""id"":""t1_ogzfptb"",""replies"":[]}]}]
</comments>",,,,,,,,,,,2026-04-19,r/netsecstudents,t2_ps7ul8kg,,,0.0,0.0,,1wlhy4,d-wreck-w12,,,hobby v1,hobby
,"32GB is gonna feel tight faster than you expect once you're running 3-4 VMs simultaneously, that's where you'll bottleneck before the CPU ever becomes an issue. grab the 7600 and put the savings toward 64GB from the start, you'll thank yourself in like two months.",post,,0.0,"Thread is young with only 3 comments, so a top-level reply still has strong visibility. Nobody has directly answered the RAM vs CPU priority question with a clear recommendation and reasoning, which is a gap worth filling.",useful_drop,,,PC build for Pentest practice,"Hi all,

I’m planning to build a new PC mainly for pentesting practice and setting up a home lab. I’ll be running multiple VMs (Kali, Windows, vulnerable machines) and doing some fuzzing + scanning.

What I’m considering:

\- CPU: Ryzen 5 7600 / Ryzen 5 7600X / maybe Ryzen 7 7700

\- RAM: Starting with 32GB (will upgrade later)

\- Storage: 1TB NVMe (planning to add more later)

\- GPU: Not planning to add one right now

My questions:

1. Is Ryzen 5 7600 / 7600X enough, or should I go for Ryzen 7 7700 for this use case?

2. How important is core count vs clock speed for pentesting labs?

3. Should I prioritize more RAM now vs better CPU now?

4. Any recommendations for motherboard (B650?) and PSU for long-term upgrades?

5. Are there any better value alternatives (even Intel or used workstation builds)?

\- I want a setup that won’t feel slow in 1–2 years

\- This is mainly for learning + practice (not enterprise workload yet)

Would really appreciate advice from anyone running similar lab setups 🙏","[{""comments"":[{""upvotes"":3,""uploads"":3,""downloads"":0,""rotation"":0,""author"":""Odd-Elderberry-739"",""body"":""You’re overthinking this. Buy the best CPU, the most RAM, and the fastest highest capacity SSD you can afford. It will work. Prioritize more RAM and disk size over everything else so long as you include a decent CPU. "",""depth"":0,""id"":""t1_ogw30df"",""replies"":[]}]},{""comments"":[{""upvotes"":2,""uploads"":2,""downloads"":0,""rotation"":0,""author"":""Inside_Emergency2354"",""body"":""Looks fine mate.\nYou’ll want a decent GPU if you plan to do some password cracking work.\nBesides that plenty of ram and a decent cpu will suffice. Which you have already.\nSetup will be fine for 5+ years. "",""depth"":0,""id"":""t1_ogvbe3a"",""replies"":[]}]},{""comments"":[{""upvotes"":2,""uploads"":2,""downloads"":0,""rotation"":0,""author"":""EugeneBelford1995"",""body"":""JMHO, but I wouldn't put the home lab on a PC. I ran the free version of ESXi in the free VMware Player on my gaming desktop for far too long back before Broadcom bought them.\n\nI got a refurbished server for about $250 and later got another one. Including the small rack, rack mountable surge protector, SSDs (refurbished servers came with old platter HDs), I spent less than 1k and got 352 GB RAM between the two servers. \n\nI run Hyper-V for free, lots of others use Proxmox. I'm a Windows Guy so Hyper-V is intuitive and easy."",""depth"":0,""id"":""t1_ogwuhgf"",""replies"":[]}]}]",https://www.reddit.com/r/netsecstudents/comments/1sor94u/pc_build_for_pentest_practice/,"<post>
Hi all,

I’m planning to build a new PC mainly for pentesting practice and setting up a home lab. I’ll be running multiple VMs (Kali, Windows, vulnerable machines) and doing some fuzzing + scanning.

What I’m considering:

\- CPU: Ryzen 5 7600 / Ryzen 5 7600X / maybe Ryzen 7 7700

\- RAM: Starting with 32GB (will upgrade later)

\- Storage: 1TB NVMe (planning to add more later)

\- GPU: Not planning to add one right now

My questions:

1. Is Ryzen 5 7600 / 7600X enough, or should I go for Ryzen 7 7700 for this use case?

2. How important is core count vs clock speed for pentesting labs?

3. Should I prioritize more RAM now vs better CPU now?

4. Any recommendations for motherboard (B650?) and PSU for long-term upgrades?

5. Are there any better value alternatives (even Intel or used workstation builds)?

\- I want a setup that won’t feel slow in 1–2 years

\- This is mainly for learning + practice (not enterprise workload yet)

Would really appreciate advice from anyone running similar lab setups 🙏
</post>
<comments>
[{""comments"":[{""upvotes"":3,""uploads"":3,""downloads"":0,""rotation"":0,""author"":""Odd-Elderberry-739"",""body"":""You’re overthinking this. Buy the best CPU, the most RAM, and the fastest highest capacity SSD you can afford. It will work. Prioritize more RAM and disk size over everything else so long as you include a decent CPU. "",""depth"":0,""id"":""t1_ogw30df"",""replies"":[]}]},{""comments"":[{""upvotes"":2,""uploads"":2,""downloads"":0,""rotation"":0,""author"":""Inside_Emergency2354"",""body"":""Looks fine mate.\nYou’ll want a decent GPU if you plan to do some password cracking work.\nBesides that plenty of ram and a decent cpu will suffice. Which you have already.\nSetup will be fine for 5+ years. "",""depth"":0,""id"":""t1_ogvbe3a"",""replies"":[]}]},{""comments"":[{""upvotes"":2,""uploads"":2,""downloads"":0,""rotation"":0,""author"":""EugeneBelford1995"",""body"":""JMHO, but I wouldn't put the home lab on a PC. I ran the free version of ESXi in the free VMware Player on my gaming desktop for far too long back before Broadcom bought them.\n\nI got a refurbished server for about $250 and later got another one. Including the small rack, rack mountable surge protector, SSDs (refurbished servers came with old platter HDs), I spent less than 1k and got 352 GB RAM between the two servers. \n\nI run Hyper-V for free, lots of others use Proxmox. I'm a Windows Guy so Hyper-V is intuitive and easy."",""depth"":0,""id"":""t1_ogwuhgf"",""replies"":[]}]}]
</comments>",,,,,,,,,,,2026-04-19,r/netsecstudents,t2_1tqeapf1zu,,,1.0,0.0,,3T9aLN,d-wreck-w12,,,hobby v1,hobby