Post Title,Date,Subreddit,Avatar,Post Type,Strategic Tier,Brief,Post Body,Worldview Seed,Source URL,Status,Engagement Mode,supabase_item_id
k8s attacks up 282% and most defenders are still patching containers like it's 2019,12/4/2026,cybersecurity,,industry_hot_take,worldview,"**Input treatment:** inspiration
**Post type:** Industry hot take / opinion
**Strategic tier:** worldview
**Body architecture:** rant_with_structure

**Title direction:**
- Archetype: frustration manifesto
- Info density: specific percentage (282%), specific vulnerability (CVE-2025-55182), timeframe (48 hours)
- Emotional register: frustrated recognition mixed with vindication
- Subreddit tone: r/cybersecurity appreciates data-backed rants from practitioners with standing

**Hook:** Open with the stark reality that Kubernetes attacks jumped 282% while security teams are still thinking in terms of container escapes instead of identity theft
**Angle:** The fundamental disconnect between how attackers actually move through K8s environments (stealing service account tokens, lateral movement through identities) versus how defenders secure them (focusing on container hardening and CVE patching)
**Source material usage:** Use the Unit 42 statistics and attack patterns as evidence, but frame through Derek's offensive security experience. Never mention the report directly — present insights as observations from red team work
**Worldview note:** Derek's frustration with point-in-time security validates XM's continuous exposure management approach. His experience seeing how attackers chain small misconfigurations into major compromises aligns with the ""attack path"" vs ""vulnerability list"" worldview. This emerges through his exasperation with defenders who secure containers but miss the identity blast radius
**Anti-patterns to watch:** Avoid getting too deep into Kubernetes technical details. Keep focus on the strategic blindness, not the tactical fixes. Don't sound like a vendor pitch for any specific solution
**Quality concern:** Strong input with clear data points and attack patterns that align well with Derek's red team background and XM's worldview. Derek has standing to critique both offensive and defensive approaches to K8s security.","I've been running k8s attack simulations for about two years now across a bunch of different environments. Retail, finance, couple of healthcare orgs. And I can count on one hand the number of times a container escape was the actual path to something valuable.

Every engagement, same story. I grab a service account token from a misconfigured pod, pivot through RBAC bindings that nobody's reviewed since the cluster was stood up, and I'm pulling secrets from etcd or reaching into cloud IAM roles within an hour. No CVE needed. No container breakout. Just identity chaining.

But then I look at what the blue team spent their quarter on. They patched 400 container images. They hardened the runtime. They bought a scanning tool that flags CVEs in base images. Cool. None of that would've caught me because I never touched the container. I touched the identity attached to it.

The 282% jump in k8s attacks everyone's freaking out about isn't because attackers found new container exploits. It's because more orgs are running k8s, and almost none of them are paying attention to how service accounts, node identities, and cloud IAM roles chain together into paths that go way beyond the cluster boundary. Attackers figured that out faster than defenders did.

You can harden every container in your fleet and still leave a service account token sitting in an environment variable that lets me pivot from your staging namespace into your production AWS account. I've done exactly that, twice in the last six months.

Patching CVEs on containers is fine. I'm not saying don't do it. But if that's where your k8s security program starts and ends, you're defending the walls while ignoring that someone left keys to every room taped under the welcome mat. The identity layer in k8s is where the actual damage happens, and most teams aren't even looking at it continuously. They check it once during setup, maybe again during an annual review, and then drift sets in and nobody notices until someone like me shows up.

From what I can tell, the orgs that actually give me trouble during engagements are the ones tracking how identities connect across their environment on an ongoing basis, not the ones with the lowest CVE count.","Final observation that orgs giving him trouble track how identities connect across the environment continuously, not those with the lowest CVE count. Reframes security from vulnerability lists to ongoing identity path awareness without naming any product or framework.",https://unit42.paloaltonetworks.com/modern-kubernetes-threats/,Pending,,OdxewX
"every ""predictive"" security tool i've used just predicts that i'll have more alerts to ignore",13/4/2026,cybersecurity,,discussion_catalyst,worldview,"**Input treatment:** inspiration
**Post type:** discussion_catalyst
**Strategic tier:** worldview
**Body architecture:** rant_with_structure

**Title direction:**
- Archetype: frustration manifesto
- Info density: specific reference to ""predictive"" vs ""reactive"" tools, mention of alert fatigue
- Emotional register: shared frustration with recognition of the real problem
- Subreddit tone: educational but direct, matches netsecstudents' learning-focused but practical vibe

**Hook:** Opens with validation of the frustration — most tools do just create more noise
**Angle:** The real question isn't about predicting human behavior, it's about understanding attack paths before they're exploited
**Source material usage:** Use the Reddit thread as inspiration but don't reference it — frame as original frustration with the industry's reactive approach
**Worldview note:** The belief emerges through operational frustration: ""discovery without mobilization is worthless."" Lucas genuinely believes that predictive tools exist but most orgs implement them wrong — they focus on finding more problems instead of making existing problems actionable. The worldview emerges through his experience of tools that find attack paths but don't help you prioritize which ones actually matter based on what they can reach.
**Anti-patterns to watch:** Avoid sounding like a vendor pitch; don't list specific tools; focus on the operational reality of implementation rather than the technology capabilities
**Quality concern:** none","Been doing this for close to fifteen years now, most of it on the offensive side before moving into VM. And I'm tired of the same pitch recycled every two years with a new label slapped on it.

Some vendor calls their scanner ""predictive"" and what does that actually mean in practice? It means they found more stuff. Congrats. My queue went from 4,000 findings to 6,000 findings and now I'm supposed to feel safer because the tool is ""proactive."" Nothing about my Tuesday changed except I have two thousand more line items nobody's going to touch.

Here's what actually bugs me about how this whole conversation gets framed, especially for people just getting into security: the debate isn't reactive vs predictive. That's marketing language. The real question is whether your tooling helps you understand what an attacker can actually reach from a given foothold, or whether it just dumps another list on your desk and calls it intelligence.

When I was doing red team work, I never cared about a single vuln in isolation. I cared about the chain. Can I get from this contractor laptop to a cached credential, pivot through a misconfigured trust, and land on something that matters? If the answer is yes, that's a real problem. If the answer is no, I don't care if it's a critical CVE.

Most orgs I've worked with have the opposite problem from what you'd expect. They don't lack findings. They're drowning in findings. What they lack is any way to figure out which of those findings actually connects to something worth protecting. So they spray patches at whatever has the highest CVSS score and hope for the best.

And the part that really gets me: none of this is a one-time answer. You fix something on Monday, someone changes a firewall rule on Wednesday, a new service account gets created Thursday with permissions nobody reviewed. By Friday your ""predictive"" scan from last week is describing a network that doesn't exist anymore.

If you're studying this stuff, my honest advice is to stop thinking about individual vulns and start thinking about paths. What can an attacker chain together? What's actually reachable from the outside, or from a compromised user? And does your org have any way to answer that question continuously, not just once a quarter when the pen test report lands?

Because finding problems was never the hard part. Knowing which ones to fix first, based on what they actually connect to, that's where everyone falls apart in my experience.","The closing observation that 'finding problems was never the hard part — knowing which ones to fix first based on what they connect to' seeds the worldview that isolated vulnerability lists are useless without understanding attack paths to critical assets, and that context (what a finding can actually reach) determines priority, not severity scores alone.",https://www.reddit.com/r/netsecstudents/comments/1sd03kk/any_tools_that_help_predict_risky_data_exposure/,Pending,,EOb8Fk
"another week, another breach where attackers just logged in. we keep building walls and they keep using the front door",14/4/2026,cybersecurity,,industry_hot_take,worldview,"**Input treatment:** inspiration  
**Post type:** Industry hot take / opinion  
**Strategic tier:** worldview  
**Body architecture:** rant_with_structure  

**Title direction:**
- Archetype: frustration manifesto
- Info density: specific breach details (ShinyHunters, Anodot token theft, ""walking through open door"")
- Emotional register: vindicated frustration — ""I've been saying this""
- Subreddit tone: r/cybersecurity appreciates direct, experience-backed takes on industry failures

**Hook:** Open with the Rockstar breach as validation of a worldview about where security is actually failing
**Angle:** Third-party SaaS integrations are the new soft underbelly — attackers aren't breaking perimeters, they're walking through doors we didn't know we left open
**Source material usage:** Use the Rockstar/Anodot breach as the opening example, but don't link to the article. Frame it as ""another example"" of a pattern the persona has been tracking
**Worldview note:** The persona's frustration centers on ""identity blast radius"" — how one compromised service account or token can cascade through interconnected systems. This naturally leads to the XM worldview that you need to understand attack paths across your entire hybrid environment, not just monitor individual systems in isolation. The realization emerges from professional experience watching these lateral movement scenarios play out repeatedly.
**Anti-patterns to watch:** Avoid turning this into vendor promotion. Keep focus on the systemic problem. Don't oversell the ""third-party"" angle — this is about identity and lateral movement, not supply chain fear-mongering
**Quality concern:** Strong input. Derek has perfect standing for this take as someone who validates attack paths professionally. The breach details provide solid concrete grounding for the broader point.","ShinyHunters didn't break into Ticketmaster's infrastructure. They grabbed a token from a third-party analytics vendor (Anodot), and that token let them walk straight into Snowflake environments holding half a billion records. No zero-day. No malware. Just a stolen credential and a path nobody was watching.

I've been doing attack simulation work for years now and I can't tell you how many times I've mapped out exactly this kind of chain. You compromise one SaaS integration token, and suddenly you're not just in that vendor's sandbox. You're pivoting through every system that token touches. One credential fans out into five, ten, twenty different data stores because nobody ever sat down and traced what a single compromised service account could actually reach.

And yet every post-mortem I read focuses on the point of entry like that's the interesting part. ""They stole a token."" Cool. The real question is why did that one token have a path to 560 million customer records? Why did nobody map the blast radius of that identity before it got popped?

We keep pouring money into perimeter defenses and endpoint agents while ignoring the connective tissue between systems. Attackers don't care about your firewall. They care about the service account your marketing team provisioned 18 months ago that still has read access to prod because nobody reviewed it. They care about the OAuth token that bridges your SaaS analytics platform to your cloud data warehouse with zero segmentation in between.

I run these scenarios internally all the time. Pick a third-party integration, assume the token gets compromised, trace how far you can go. Every single time, the answer is ""way further than anyone expected."" And every single time, the response from leadership is ""well that's an edge case."" Until it's in the news.

We don't have a perimeter problem. We have a ""nobody knows what connects to what"" problem. And you can't fix something you haven't mapped, from what I've seen.","The frustration that one compromised identity can cascade across interconnected systems, expressed as the realization that security fails not at the perimeter but because nobody maps the blast radius of a single credential across the full hybrid environment — framed as personal experience from running attack simulations internally.",https://www.theregister.com/2026/04/13/shinyhunters_rockstar_breach/,Pending,,xXHGp5
we migrated to AWS last year. our security posture didn't make the trip.,15/4/2026,aws,,career_workplace_frustration,worldview,"**Input treatment:** inspiration
**Post type:** Career / workplace frustration
**Strategic tier:** worldview
**Body architecture:** rant_with_structure

**Title direction:**
- Archetype: frustration manifesto
- Info density: specific migration timeline (""last year""), specific gap (""security posture didn't travel""), specific reality check (""separate tooling, no unified view"")
- Emotional register: weary recognition mixed with practical concern
- Subreddit tone: r/aws values technical honesty and shared pain points over sugar-coating

**Hook:** Open with tired validation of a predictable but painful reality
**Angle:** The ""hybrid security gap"" is an architectural failure, not a tooling problem — it's about thinking in silos instead of attack paths
**Source material usage:** Reference the migration experience as inspiration but never link to or quote the original thread
**Worldview note:** The persona's frustration naturally leads to the realization that security tools need to see connections across environments, not just inventory individual pieces. This emerges through lived experience with split tooling creating blind spots, not through product promotion. The ""attack graph"" thinking comes from operational necessity.
**Anti-patterns to watch:** Avoid sounding like a vendor pitch; keep focus on the operational pain and architectural thinking, not specific solutions
**Quality concern:** Strong input - this is a common, high-stakes problem that Lucas would definitely have encountered and have strong opinions about","Spent the better part of last year moving workloads into AWS. Mostly replatform, some refactor, a lot of ""just get it running"" energy from leadership. Fair enough, I get the business pressure.

What nobody planned for was the security gap that opened up the second we had feet in both worlds. On-prem AD is still the backbone of identity for about 60% of our workforce. Half our service accounts in AWS still authenticate back through a trust to our on-prem domain. And the tooling? Completely split. Cloud team runs their own security stack, my team runs ours, and there's a gap in the middle where nobody's looking.

I asked a simple question in a meeting last month: if someone compromises a cached credential on an on-prem workstation, can they pivot into our AWS environment? Dead silence. Nobody could answer it. Not because the answer is no, but because no one had mapped it. We've got two sets of dashboards, two sets of alerts, two ticketing queues, and zero ability to trace a path from a compromised endpoint in our office to an S3 bucket holding PII.

The cloud team will tell you their CNAPP covers them. My team will tell you our on-prem tooling covers us. Both are technically correct and both are completely missing the point. An attacker doesn't care about your org chart or which team owns which console. They see one connected environment and they'll walk the path of least resistance across it.

I've started pushing for someone, anyone, to own the space between the two environments. Not just inventory what's in each one, but actually map how they connect, where a compromise in one crosses into the other. Right now that job belongs to nobody, which means it belongs to the attacker.

Anyone else living this? I can't be the only one running a hybrid setup where the security boundaries are drawn on a whiteboard that doesn't match reality.","The realization that security tools need to map connections across environments (attack paths crossing on-prem to cloud) rather than inventorying each silo independently, expressed through the operational frustration of nobody owning the 'space between' two environments.",https://www.reddit.com/r/aws/comments/1sl29cy/finished_our_aws_migration_mostly_satisfied_now/,Pending,,mjHzOz
we spent years consolidating into SSO to reduce risk and accidentally built the perfect single point of failure,16/4/2026,cybersecurity,,industry_hot_take,worldview,"**Input treatment:** inspiration
**Post type:** industry hot take / opinion
**Strategic tier:** worldview
**Body architecture:** rant_with_structure

**Title direction:**
- Archetype: frustration manifesto
- Info density: specific attack vector (vishing), specific target (Okta/SSO), ironic twist (help desk becomes the weakness)
- Emotional register: frustrated recognition - ""oh god, this is why we can't have nice things""
- Subreddit tone: practical cynicism that r/cybersecurity appreciates

**Hook:** The ironic reality that centralizing authentication for security convenience created the perfect single point of failure for social engineering
**Angle:** SSO was supposed to reduce risk by consolidating access control, but it just moved the attack surface from individual accounts to the help desk workflow - and we're discovering this the hard way
**Source material usage:** Inspired by the vishing trend but focus on the architectural problem, not the specific news story
**Worldview note:** The frustration emerges from realizing that centralized identity (what everyone thought was more secure) creates massive blast radius when compromised. This naturally leads to the XM worldview that you need to understand the paths attackers take through your identity architecture, not just patch individual components. The persona arrives at this through operational pain, not theory.
**Anti-patterns to watch:** Don't make this about social engineering training (that's missing the point) - keep focus on the architectural vulnerability that SSO creates
**Quality concern:** None - this is a perfect setup for Marcus's strategic perspective on systemic risk vs. point solutions","I've been chewing on this for a while and the recent wave of vishing campaigns targeting help desks finally pushed me over the edge.

We sold SSO to our board as a risk reduction play. Fewer passwords, fewer credential reuse incidents, centralized access control. And on paper, it worked. Our phishing-related account compromises dropped. Compliance loved it. Auditors checked their boxes.

But here's what nobody modeled when we made that decision: we moved the entire blast radius of a compromised identity from ""one application"" to ""literally everything that employee touches."" Every SaaS app, every internal tool, every cloud environment, all behind one authentication event. And the process for resetting that authentication? A phone call to someone making $19 an hour who's been trained to be helpful.

So now an attacker doesn't need to find a vulnerability. Doesn't need malware. Doesn't need to be technical at all. They call the help desk, do a convincing impression of a panicked executive, get an MFA reset, and they're sitting inside your entire environment. One conversation. Full access.

What kills me is that we keep framing these incidents as ""social engineering problems"" like the fix is more training. It's not a training problem. It's an architectural problem. We centralized identity for convenience and security, and in doing so we created a single node that, when compromised, gives an attacker a path to every critical system we have. The help desk didn't fail. We designed a system where the help desk IS the vulnerability.

I sat in a meeting last month where someone suggested adding ""more verification steps"" to the password reset process. Four steps instead of two. And I'm thinking, we're still not asking the right question. The question isn't how do we make the front door harder to open. It's what happens after someone gets through it, and can we even see the path they'd take from a compromised identity to our crown jewels.

From what I can tell, most of us don't actually know the answer to that second question. We know where our data lives. We know who has access on paper. But the real-world path from a reset Okta session to a production database through nested group memberships and stale service accounts? Nobody's mapped that. At least nobody I've talked to in my peer group.

Maybe I'm wrong and your org has this figured out. But I've been doing this long enough to know that when the same attack pattern keeps working across different companies and different industries, the problem isn't the people falling for it. It's the architecture that makes falling for it catastrophic.","The observation that centralized identity creates a single node whose compromise opens paths to every critical system, and that the real question isn't hardening the front door but understanding the paths an attacker takes from a compromised identity to crown jewels — reframing the problem from point-solution (help desk training, more MFA steps) to understanding attack paths through identity architecture.",https://www.scmagazine.com/news/vishing-attacks-on-okta-identity-systems-on-the-rise,Pending,,EV0Jip
"every APT41 headline screams ""zero detections on VirusTotal"" like that's the scary part. it's not.",17/4/2026,cybersecurity,,career_workplace_frustration,worldview,"**Input treatment:** inspiration
**Post type:** career / workplace frustration
**Strategic tier:** worldview
**Body architecture:** rant_with_structure

**Title direction:**
- Archetype: frustration manifesto
- Info density: specific mention of credential theft, cloud metadata endpoints, ""undetectable"" claims
- Emotional register: weary recognition mixed with professional irritation
- Subreddit tone: r/cybersecurity appreciates direct, no-BS takes on industry failures

**Hook:** Open with exasperation at the ""zero detections on VirusTotal"" headline as symptom of deeper problems
**Angle:** The security industry's obsession with detection theater while attackers operate in the legitimacy gap
**Source material usage:** Use APT41 as the triggering example but pivot to systemic critique — don't rehash the technical details
**Worldview note:** The persona's frustration centers on the core XM worldview: attackers think in paths/graphs while defenders think in lists. The rant should build toward the realization that once credentials are stolen, traditional detection becomes useless because the attacker looks legitimate. This leads naturally to the need for understanding attack paths and blast radius — XM's core territory — without naming the company.
**Anti-patterns to watch:** Avoid getting lost in APT41 technical details, don't sound like a vendor pitch, ensure the frustration feels genuine and operational
**Quality concern:** none","Another week, another breathless writeup about how some APT's loader gets zero hits on VT. Cool. Genuinely, cool. You know what else gets zero detections? A valid RDP session using a cached domain credential that someone harvested from a cloud metadata endpoint two weeks ago.

I've been staring at this pattern for years now and it genuinely wears me down. We pour enormous effort into detecting malicious binaries, we celebrate when EDR catches a novel payload, we track detection ratios on VT like they're box scores. And attackers just... log in. They grab a service account token, they pivot through a misconfigured trust relationship between on-prem AD and a cloud tenant, and they land on something that matters. No malware required. No detections to evade. They look exactly like a legitimate user because, from the system's perspective, they are one.

The APT41 stuff is a perfect example. Yeah, the tooling is sophisticated. But the part that should keep you up at night isn't the custom loader. It's what happens after the credential theft. Once they have an identity, your detection stack is essentially watching a ""normal"" user browse to the domain controller. Your SIEM sees clean authentication events. Your EDR sees approved binaries. Everything looks fine right up until the exfil.

What kills me is how we've built entire security programs around the assumption that attackers look different from users. They don't. Not after that first credential is compromised. And instead of asking ""ok, if someone steals a service account, what can they actually reach from there,"" we're still arguing about signature coverage and scan frequency.

I ran an exercise at my org last quarter where we mapped out what a single compromised helpdesk credential could touch. Not theoretically, actually traced the connections through our environment. AD group memberships, nested permissions, cloud role bindings, the whole mess. That one account could reach four systems we'd classified as critical. Four. A helpdesk account. Nobody had ever looked at it from that angle because our risk model was built around vulnerabilities and alert severity, not around what an attacker could actually do once they had a foothold.

The industry keeps selling us better microscopes to examine individual threats when the actual problem is that nobody's looking at the map. You can have perfect detection coverage and still get wrecked if you don't understand what a compromised identity can traverse in your environment. From what I've seen, most orgs couldn't answer that question for their top ten service accounts, let alone the hundreds of human accounts with accumulated permissions nobody's reviewed in years.","The closing frustration naturally frames the core problem as one of paths and traversal rather than detection lists — the idea that understanding what a compromised identity can reach matters more than catching individual threats, which is XM's core worldview territory around attack paths and identity exposure, expressed entirely as Leon's personal operational frustration.",https://www.darkreading.com/cloud-security/apt41-zero-detection-backdoor-harvest-cloud-credentials,Pending,,6ileB6
We patched CVE-2026-20929 in under 48 hours. An attacker could still have owned our domain controller.,19/4/2026,cybersecurity,,personal_narrative,worldview,"**Input treatment:** inspiration
**Post type:** Personal narrative / war story
**Strategic tier:** worldview
**Body architecture:** narrative_arc

**Title direction:**
- Archetype: personal narrative with specific technical detail
- Info density: CVE number, specific attack technique (Kerberos relay), and operational reality check
- Emotional register: dry recognition mixed with operational frustration
- Subreddit tone: r/cybersecurity appreciates technical specificity with practical implications

**Hook:** Opening with the familiar cycle of patching CVEs while missing the real exposure
**Angle:** This new Kerberos relay technique perfectly illustrates why vulnerability lists miss the point — it's not about the CVE, it's about the attack path through your identity infrastructure
**Source material usage:** Use CVE-2026-20929 as the technical anchor, but focus on what it reveals about identity exposure rather than the vulnerability details
**Worldview note:** The narrative should lead Lucas to realize that this CVE demonstrates exactly why ""discovery without mobilization"" fails — finding vulnerabilities means nothing if you can't see the actual attack paths through your hybrid identity infrastructure. The realization emerges from operational frustration: his team patches CVEs but attackers are using identity paths they can't even see.
**Anti-patterns to watch:** Don't make this a technical tutorial about the CVE; keep focus on operational reality and what this means for exposure management workflows
**Quality concern:** Strong input — current CVE with clear identity/hybrid implications that naturally supports Lucas's worldview about actionable findings vs. noise","Last week my team went into full sprint mode when CVE-2026-20929 dropped. Kerberos relay, CVSS 8.something, all the usual flags. We had patches validated and deployed across our Windows server fleet by Thursday afternoon. Felt good about it for maybe six hours.

Then one of my senior analysts was poking around in our AD environment for an unrelated Entra ID cleanup task and noticed something that made my stomach drop. A service account we'd spun up two years ago for a legacy claims processing app had unconstrained delegation enabled. It had been sitting there, forgotten, with a cached credential that could reach four tier-0 assets including our primary DC. The Kerberos relay technique from that CVE? It didn't even need the unpatched vulnerability to work against us. An attacker who grabbed that service account could've relayed authentication requests straight through our hybrid identity setup without ever touching the CVE we just burned 48 hours patching.

I pulled our vulnerability scanner output for that account. Clean. No findings. Because the scanner was looking for missing patches on the host, not for a delegation misconfiguration on an identity object that happened to create a direct path to our crown jewels.

We got lucky that my analyst stumbled into it. But ""stumbled into it"" isn't a remediation strategy. I went back and looked at how many tickets we'd generated from that patch cycle. Fourteen. All of them were ""apply KB update to server X."" Not a single one said ""revoke unconstrained delegation on svc-claimsapp"" or ""rotate the cached credential that connects your on-prem AD to your Azure tenant."" Nobody on my infra team would've even known to look for that, because the finding never existed in our queue.

I've been running security operations for a long time now and the thing that keeps grinding on me is this: we're really good at finding CVEs and really bad at seeing the actual paths an attacker would use to get from point A to point B through our identity layer. We patch the front door and leave a service account propping open the side entrance with a sticky note that says ""domain admin.""

For us, the real gap isn't detection. It's that the thing we detected didn't connect to the thing that actually mattered. The CVE was real, the patch was correct, and none of it would've stopped the attack that was already possible through our own AD misconfigurations. Until a finding turns into a ticket that points at the right problem with the right owner, from what I've seen it's just busywork that makes the dashboard look green.","The closing realization that finding and patching a CVE means nothing unless the resulting ticket points at the actual attack path (in this case, an identity misconfiguration enabling lateral movement to crown jewels). Expressed as personal operational frustration: 'until a finding turns into a ticket that points at the right problem with the right owner, it's just busywork.'",https://www.crowdstrike.com/en-us/blog/detecting-kerberos-relay-attack-via-dns-cname-abuse/,Pending,,FkdLwJ
"95% of your users have access to tools that attackers love, and nobody owns the remediation ticket",20/4/2026,cybersecurity,,industry_hot_take,worldview,"**Input treatment:** inspiration
**Post type:** industry hot take / opinion
**Strategic tier:** worldview
**Body architecture:** rant_with_structure

**Title direction:**
- Archetype: frustration manifesto
- Info density: specific percentage (95% unnecessary access), concrete tools (PowerShell, WMIC), behavioral stat (84% of attacks)
- Emotional register: recognition and validation of a shared frustration
- Subreddit tone: r/cybersecurity appreciates direct, experience-backed takes that call out industry blind spots

**Hook:** Opening with the fundamental irony that security teams are hunting external threats while attackers are already inside using their own tools
**Angle:** The ""trusted tools problem"" is a massive blind spot because security thinking is still stuck in the malware era while attackers have moved to living off the land
**Source material usage:** Use the LOTL statistics and concepts, but frame it through Lucas's operational lens of ""who's going to fix this?"" Never reference the original article or Bitdefender
**Worldview note:** Lucas believes discovery without actionable remediation is worthless. The worldview emerges through his frustration that most tools show you the LOTL problem but don't help you actually reduce the attack surface. This naturally leads to the XM Cyber approach of finding choke points - the 1% of fixes that matter. Express this as operational reality, not as a sales pitch.
**Anti-patterns to watch:** Don't sound like a vendor pitch. Stay focused on the operational problem, not the solution. Avoid getting too technical - Lucas cares about tickets and ownership, not implementation details.
**Quality concern:** none","I run security operations for an insurer with about 6,000 endpoints across hybrid infrastructure. We've been dealing with LOTL problems for over two years now, and I'm convinced the industry has completely lost the plot on this one.

Here's what drives me up a wall. Every vendor on the planet can tell you that attackers are using PowerShell, WMIC, certutil, whatever native tooling your environment already has deployed. 84% of attacks in the wild rely on these trusted binaries. Okay, great. We all know that. My EDR knows that. My SIEM knows that. My threat intel feed knows that.

Nobody can tell me which of those 6,000 endpoints actually need unrestricted PowerShell access to do their job.

I asked our desktop team last quarter. They shrugged. Asked the app owners. Same thing. We ran a quick audit and found that maybe 5% of our users have a legitimate operational reason to run PowerShell interactively. Five percent. Meanwhile the other 95% have access to the same tools that threat actors use to move laterally through our environment, and there's no ticket, no owner, and no SLA attached to fixing it.

We can detect LOTL activity all day long. We've got alerts firing for suspicious PowerShell execution, encoded commands, WMIC process creation, the whole nine yards. My SOC analysts are drowning in those alerts because the baseline is garbage. When every endpoint can legitimately run these tools, your baseline is ""everything is normal"" and your detection is basically random.

What kills me is that the fix isn't even that complicated in theory. You reduce the attack surface by removing unnecessary access to these tools for the users who don't need them. AppLocker, WDAC, constrained language mode, whatever. But in practice? Nobody owns that remediation. Desktop engineering says it's a security problem. Security says it's an endpoint management problem. App owners say don't touch anything because something might break. And so thousands of unnecessary access paths just sit there, waiting.

I've started framing it differently with leadership. Instead of showing them the volume of LOTL alerts (which just makes their eyes glaze over), I've been mapping out which of those access paths actually connect to our critical systems. Turns out a small fraction of those unnecessary access points are the ones that actually create paths to our domain controllers and claims databases. Fix those specific ones and you've cut off a huge chunk of the lateral movement risk without boiling the ocean.

But even that requires someone to own the ticket. And that's where we keep getting stuck. From what I've seen, every security team can find LOTL exposure. Almost nobody has a process to actually reduce it. Finding problems without a remediation workflow attached is just expensive noise.","The observation that mapping unnecessary access paths to critical assets reveals a small fraction of fixes that eliminate disproportionate lateral movement risk - expressed as Maurice's operational discovery, not as a methodology or framework.",https://thehackernews.com/2026/04/3-reasons-attackers-are-using-your.html,Pending,,tqotQ0
57% of initial access is social engineering and a third of lateral movement abuses SSL VPNs. we're still counting CVEs why exactly,21/4/2026,cybersecurity,,industry_hot_take,worldview,"**Input treatment:** inspiration
**Post type:** Industry hot take / opinion
**Strategic tier:** worldview
**Body architecture:** rant_with_structure

**Title direction:**
- Archetype: frustration manifesto
- Info density: specific percentages from the report (32.8% SSL VPN abuse, 57.5% social engineering), mention ""legitimate access paths""
- Emotional register: frustrated validation - ""finally someone said it""
- Subreddit tone: r/cybersecurity appreciates data-backed contrarian takes that challenge scanner-heavy approaches

**Hook:** Open with the core irony - security teams obsessing over CVE counts while attackers are literally just logging in with valid credentials
**Angle:** The fundamental mismatch between how defenders think (vulnerability lists) and how attackers actually operate (legitimate access abuse)
**Source material usage:** Reference the Blackpoint report findings as validation of what practitioners have been seeing, but frame it through personal operational experience rather than as a report summary
**Worldview note:** The persona's frustration with ""discovery without mobilization"" naturally leads to the realization that context matters more than counts - attackers don't care about your 10,000 CVEs if they can walk through the front door. The worldview emerges through operational reality: you can't ticket your way out of architectural problems like over-permissioned RMM tools and credential reuse
**Anti-patterns to watch:** Don't make this a vendor pitch for attack path tools - keep it focused on the operational reality gap. Avoid turning this into a ""scanners bad"" rant - the issue is prioritization, not detection
**Quality concern:** none","Blackpoint's latest annual threat report finally put numbers on something that's been eating at me for a while now. 57.5% of initial access comes through social engineering. 32.8% of lateral movement abuses SSL VPN and remote access tools. Attackers aren't scanning for unpatched Apache instances. They're logging in.

I run security ops for a mid-size insurer. Hybrid environment, about 6,000 endpoints, the usual mess of on-prem AD and cloud services stitched together over a decade. Every month I get a vulnerability report with thousands of findings. My team dutifully creates Jira tickets, routes them to infrastructure owners, fights about SLAs, and maybe 60% of those tickets get closed before the next scan drops another pile on top.

And none of that matters if an attacker grabs a set of VPN creds from a phished help desk tech and walks straight into our internal network using a legitimate access path we gave them on purpose.

I've got remediation workflows built around CVE severity scores. Ownership models mapped to asset inventories. SLA tracking in ServiceNow that would make an auditor cry happy tears. And the entire apparatus is pointed at the wrong problem. We're patching doors while the attacker has the keys.

What kills me is the RMM angle in that report. Threat actors abusing the same remote management tools that IT uses daily to maintain endpoints. ConnectWise, AnyDesk, whatever your shop runs. Those tools have legitimate credentials baked in, broad permissions across the environment, and almost nobody treats them as part of the attack surface. Who owns remediating ""our own admin tools are a lateral movement highway""? I can tell you from experience: nobody. Infrastructure says it's a security problem. Security says it's an infrastructure problem. The ticket sits in limbo while the exposure stays wide open.

The part that frustrates me most isn't the findings themselves. It's that we can't operationalize any of this into something fixable. I can't write a Jira ticket that says ""stop attackers from using valid credentials."" I can write tickets for specific misconfigurations, overly broad service account permissions, cached credentials sitting on endpoints where they shouldn't be, MFA gaps on VPN concentrators. But that requires knowing which of those issues actually connects to something an attacker would chain together to reach something that matters. Severity scores don't tell you that. A flat list of 10,000 findings sorted by CVSS doesn't tell you that.

Until my team can look at a finding and answer two questions, ""does this actually lead somewhere bad"" and ""who specifically owns fixing it,"" we're just generating paperwork. Every report like Blackpoint's confirms what practitioners already feel in their gut: the gap isn't in detection. It's in knowing which of those detections actually matter enough to mobilize on, and having a clear path from finding to fix.

For us at least, that's where the whole model breaks down.","The observation that flat severity-scored vulnerability lists fail because they lack context about which findings chain together to reach critical assets, and that the real gap is mobilizing remediation against the exposures that actually matter rather than generating more tickets from more scans.",https://www.bleepingcomputer.com/news/security/routine-access-is-powering-modern-intrusions-a-new-threat-report-finds/,Pending,,sW61fS
microsoft is finally admitting security is a graph problem. only took them a decade.,22/4/2026,cybersecurity,,industry_hot_take,worldview,"**Input treatment:** inspiration  
**Post type:** industry hot take / opinion  
**Strategic tier:** worldview  
**Body architecture:** rant_with_structure

**Title direction:**
- Archetype: frustration manifesto
- Info density: specific reference to ""custom graphs"" and ""Microsoft Sentinel"" 
- Emotional register: cynical recognition mixed with cautious optimism
- Subreddit tone: r/cybersecurity appreciates hot takes that cut through vendor hype while acknowledging real progress

**Hook:** Microsoft finally catching up to what attackers have known for years — security is a graph problem, not a list problem
**Angle:** This represents a fundamental shift from compliance-driven security to actual threat modeling, but questions remain about execution vs. marketing
**Source material usage:** Reference the Sentinel announcement as validation of the graph-based approach without linking or quoting extensively
**Worldview note:** The persona genuinely believes that context-driven security (understanding attack paths vs. vulnerability lists) is the only way forward. This emerges through his frustration with traditional scanners and his experience seeing how attackers actually move laterally. The hot take positions this as vindication of what security practitioners have been saying for years — attackers think in graphs, defenders are stuck with lists.
**Anti-patterns to watch:** Avoid sounding like a Microsoft cheerleader; maintain skepticism about execution; don't make this a product review
**Quality concern:** Strong input — clear strategic opportunity to discuss the shift from list-based to graph-based security thinking. Marcus has the standing for this opinion and it aligns naturally with XM's worldview around attack path analysis.","Sentinel adding custom security graphs is one of those announcements that makes me feel two things at once: vindicated and exhausted.

I've been architecting detection and response pipelines for global retail environments for years now. And the single most frustrating pattern I run into, over and over, is watching teams drown in alert volume while having zero visibility into how those alerts connect to anything that actually matters. You get 400 criticals from your scanner on a Monday morning. Cool. Which of those 400 gives an attacker a path from your dev subnet to your payment processing environment? Nobody can answer that, because the tooling was never built to ask the question.

Attackers don't think in lists. They never have. They look at your environment and see connections, lateral movement opportunities, credential reuse, trust relationships between systems. They see a graph. Meanwhile defenders have been stuck staring at flat tables of CVEs sorted by CVSS score, convincing themselves that patching the top 50 means they're secure. It doesn't. I've personally watched orgs patch 95% of their criticals and still get popped because a cached service account credential on one workstation opened a path straight to the domain controller. That path never showed up on any vulnerability report because it wasn't a vulnerability in the traditional sense. It was a relationship between systems that nobody modeled.

So yeah, Microsoft building graph capabilities into Sentinel feels like validation of something security architects have been yelling about for years. Context matters more than volume. How things connect matters more than how many things you've scanned. The question was never ""how many vulnerabilities do we have"" but rather ""can someone actually reach our crown jewels, and how.""

But here's where my optimism runs out. Microsoft has a long track record of acquiring or building the right capability and then burying it under licensing complexity and half-baked integration. I'll believe the graph approach is real when I see it work across hybrid environments where your on-prem AD, your Azure tenant, and your AWS accounts all feed into the same model. Because attackers don't care about your vendor boundaries. They pivot from on-prem to cloud without thinking twice, and if your graph only covers one side of that equation, you're just building a prettier list.

For now I'm cautiously interested. The shift from ""here are your alerts"" to ""here's how an attacker could actually move through your environment"" is the right direction. Whether Microsoft executes on it or just uses it as a sales deck slide remains to be seen, from what I've seen so far.","The observation that security should be understood as a graph of relationships and paths rather than a flat list of vulnerabilities — expressed through Leon's frustration with teams patching 95% of criticals but missing the cached credential that opened a path to the domain controller. Framed as a personal conviction born from years of architecture work, not as a framework or methodology.",https://petri.com/microsoft-sentinel-custom-graphs-public-preview/,Pending,,tREVoc