st_text,ts,sub,frm,email,tag,mid,link
First opening,24-06-2026 18:24:47,[RAMP Task] NeuroYoga / Flaky_Finder_13 / r/MetalForTheMasses / Comment / 18:45,tasks@gorampit.com,jekorn12@gmail.com,NA,<202606241519.90166091880@smtp-relay.mailin.fr>,NA
First opening,24-06-2026 18:24:47,[RAMP Task] NeuroYoga / Flaky_Finder_13 / r/MetalForTheMasses / Comment / 18:45,tasks@gorampit.com,jekorn12@gmail.com,NA,<202606241519.38719288441@smtp-relay.mailin.fr>,NA
First opening,24-06-2026 18:24:47,[RAMP Task] NeuroYoga / Flaky_Finder_13 / r/MetalForTheMasses / Comment / 18:45,tasks@gorampit.com,jekorn12@gmail.com,NA,<202606241519.22988918542@smtp-relay.mailin.fr>,NA
First opening,24-06-2026 18:24:47,[RAMP Task] NeuroYoga / Flaky_Finder_13 / r/Israel / Comment / 18:45,tasks@gorampit.com,jekorn12@gmail.com,NA,<202606241519.28579005492@smtp-relay.mailin.fr>,NA
First opening,24-06-2026 18:24:47,[RAMP Task] NeuroYoga / Flaky_Finder_13 / r/Israel / Comment / 18:45,tasks@gorampit.com,jekorn12@gmail.com,NA,<202606241519.13965365918@smtp-relay.mailin.fr>,NA
First opening,24-06-2026 18:19:32,[RAMP Task] NeuroYoga / Flaky_Finder_13 / r/Israel / Comment / 18:45,tasks@gorampit.com,jekorn12@gmail.com,NA,<202606241519.46561113008@smtp-relay.mailin.fr>,NA
First opening,24-06-2026 18:19:32,[RAMP Task] NeuroYoga / Flaky_Finder_13 / r/Israel / Comment / 18:45,tasks@gorampit.com,jekorn12@gmail.com,NA,<202606241519.90841608070@smtp-relay.mailin.fr>,NA
First opening,24-06-2026 18:19:26,[RAMP Task] NeuroYoga / Flaky_Finder_13 / r/MetalForTheMasses / Comment / 18:45,tasks@gorampit.com,jekorn12@gmail.com,NA,<202606241519.48583043655@smtp-relay.mailin.fr>,NA
First opening,24-06-2026 17:07:45,[RAMP Task] NeuroYoga / Flaky_Finder_13 / r/Israel / Comment / 17:30,tasks@gorampit.com,jekorn12@gmail.com,NA,<202606241404.87507649483@smtp-relay.mailin.fr>,NA
First opening,24-06-2026 16:49:26,[RAMP Task] NeuroYoga / Flaky_Finder_13 / r/Metal / Comment / 17:19,tasks@gorampit.com,jekorn12@gmail.com,NA,<202606241349.35864860564@smtp-relay.mailin.fr>,NA
First opening,24-06-2026 15:52:46,[RAMP Task] Breger.pro / StopAutomatic717 / r/Juve / Comment / 16:18,tasks@gorampit.com,tzvi@tzvivaknindigital.com,NA,<202606241252.79026031406@smtp-relay.mailin.fr>,NA
First opening,24-06-2026 13:31:53,[RAMP Task] NeuroYoga / Hot-Thought2408 / r/breathwork / Comment / 15:30,tasks@gorampit.com,max.breger@gmail.com,NA,<202606241031.88943245388@smtp-relay.mailin.fr>,NA
First opening,24-06-2026 13:09:32,[RAMP Task] NeuroYoga / Hot-Thought2408 / r/Austin / Comment / 11:45,tasks@gorampit.com,max.breger@gmail.com,NA,<202606240827.88920693621@smtp-relay.mailin.fr>,NA
First opening,24-06-2026 11:45:20,[RAMP Task] NeuroYoga / Hot-Thought2408 / r/Austin / Comment / 11:45,tasks@gorampit.com,max.breger@gmail.com,NA,<202606240827.28831312191@smtp-relay.mailin.fr>,NA
First opening,24-06-2026 11:45:20,[RAMP Task] NeuroYoga / Hot-Thought2408 / r/Austin / Comment / 11:45,tasks@gorampit.com,max.breger@gmail.com,NA,<202606240827.88920693621@smtp-relay.mailin.fr>,NA
First opening,24-06-2026 11:45:20,[RAMP Task] NeuroYoga / Hot-Thought2408 / r/Austin / Comment / 11:45,tasks@gorampit.com,max.breger@gmail.com,NA,<202606240820.74316208911@smtp-relay.mailin.fr>,NA
First opening,24-06-2026 11:01:11,[RAMP Task] NeuroYoga / Hot-Thought2408 / r/Biohackers / Comment / 17:31,tasks@gorampit.com,max.breger@gmail.com,NA,<202606231907.48216147365@smtp-relay.mailin.fr>,NA
First opening,23-06-2026 22:20:07,[RAMP Task] NeuroYoga / Hot-Thought2408 / r/yoga / Comment / 14:35,tasks@gorampit.com,max.breger@gmail.com,NA,<202606231907.71256682015@smtp-relay.mailin.fr>,NA
First opening,23-06-2026 22:10:32,[RAMP Task] NeuroYoga / Hot-Thought2408 / r/Biohackers / Comment / 17:31,tasks@gorampit.com,max.breger@gmail.com,NA,<202606231907.48216147365@smtp-relay.mailin.fr>,NA
First opening,23-06-2026 21:39:55,[RAMP Task] NeuroYoga / Hot-Thought2408 / r/whoop / Comment / 20:31,tasks@gorampit.com,max.breger@gmail.com,NA,<202606231838.32766240227@smtp-relay.mailin.fr>,NA
First opening,23-06-2026 11:40:09,[Test] Brevo sender fix,tasks@gorampit.com,max.breger@gmail.com,NA,<202606230838.12347019968@smtp-relay.mailin.fr>,NA
First opening,22-06-2026 23:29:07,[RAMP Task] NeuroYoga / Hot-Thought2408 / r/whoop / Comment / 20:22,tasks@gorampit.com,max.breger@gmail.com,NA,<202606222026.15055428506@smtp-relay.mailin.fr>,NA
First opening,22-06-2026 23:27:04,[RAMP Task] XM Cyber / lucas_parker2 / r/Dodgers / Comment / 14:11,tasks@gorampit.com,max.breger@gmail.com,NA,<202606222026.18680462392@smtp-relay.mailin.fr>,NA
First opening,22-06-2026 23:26:42,[RAMP Task] Breger.pro / StopAutomatic717 / r/startups / Comment / 13:45,tasks@gorampit.com,max.breger@gmail.com,NA,<202606222026.47500371248@smtp-relay.mailin.fr>,NA
First opening,22-06-2026 23:02:22,[RAMP Test] EPG Task Delivery Working,max.breger@11510135.brevosend.com,max.breger@gmail.com,NA,<202606221945.13560687211@smtp-relay.mailin.fr>,NA
